Org,Project,URL,Published,Tags,Section,Subject,Authors,Org Type,Tools Used,Backstory,Notes
ABC News Online,From Menzies to Malcolm: the careers of Australia's prime ministers visualised,http://www.abc.net.au/news/2015-09-25/the-long-road-to-become-pm/6794310,9/25/2015,interactive graphic,,,"Tim Leslie, Louis Stowasser, Ben Spraggon, Matthew Liddy",international,,,
ABC News Online,Melbourne Cup winner Prince Of Penzance: How it compares to past champions,http://www.abc.net.au/news/2015-11-02/melbourne-cup-2015-how-the-runners-compare-to-past-champions/6891238,11/2/2015,"interactive feature, interactive graphic, static graphic, illustration",,,"Daniel Franklin, Simon Elvery, Ben Spraggon",international,,,
ABC News Online,In hot water: How the hidden menace of coral bleaching is going global.,http://www.abc.net.au/news/2015-11-27/global-reef-bleaching-leaving-behind-coral-graveyards/6972150,11/27/2015,"interactive presentation, video, before/after",,,"Mark Doman, Matthew Liddy, Ben Spraggon, Colin Gourlay",international,,,
ABC News Online,Star Wars: every scene from I-VI charted,http://www.abc.net.au/news/2015-12-16/star-wars-every-scene/7013826,12/16/2015,interactive graphic,,,"Katie Franklin, Simon Elvery, Ben Spraggon",international,,,
,,,,,,,,,,,
,,,,,,,,,,,
,,,,,,,,,,,
,,,,,,,,,,,
Aftenposten,"#klodenvår: ”Blir det varmere nå, fryser vi i hjel",http://mm.aftenposten.no/kloden-var/blir-det-varmere-na-fryser-vi-i-hjel,,"interactive feature, video",,,,international,,,
Aftenposten,Asylbarna som får: en ny sjanse,http://www.aftenposten.no/nyheter/iriks/politikk/Asylbarna-som-far-en-ny-sjanse-7974066.html,4/8/2015,"interactive feature, crowd source",,,,international,,,
,,,,,,,,,,,
,,,,,,,,,,,
,,,,,,,,,,,
,,,,,,,,,,,
The Age,The vanishing island,http://www.theage.com.au/interactive/2015/the-vanishing-island/,9/22/2015,"interactive feature, video, slide show",,,,international,Shorthand Pro,,
,,,,,,,,,,,
,,,,,,,,,,,
,,,,,,,,,,,
,,,,,,,,,,,
Al Jazeera,Tracking Syria's defections,http://www.aljazeera.com/indepth/interactive/syriadefections/2012730840348158.html,8/9/2012,,,,"MayNinth, Potato",international,,,
Al Jazeera,Interactive transcript of Florida debate,http://www.aljazeera.com/indepth/interactive/2012/10/20121023134433218846.html,10/23/2012,,,,"Mark Boas, Mohammed Haddad",international,3PlayMedia,,
Al Jazeera,US bases encircle Iran,http://www.aljazeera.com/indepth/interactive/2012/04/2012417131242767298.html,5/1/2012,interactive map,,,,international,Google Maps,,
Al Jazeera,Deconstructing Obama's States of the Union,http://www.aljazeera.com/indepth/interactive/2013/02/201321213243145814.html,2/13/2013,"interactive feature, video",,,,international,,,
Al Jazeera America,A guide to hunger strikes at Guantanamo Bay,http://america.aljazeera.com/articles/multimedia/guantanamo-hungerstriketimeline.html,9/26/2013,"interactive graphic, timeline, video, documents",,,"Michael Keller, Jason Leopold",international,"DocumentCloud, Timeline.js",,
Al Jazeera America,"I Spy, You Spy",http://projects.aljazeera.com/2013/pi/index.html,2013,"interactive presentation, slideshow, game, stepper, timeline",,,"Joanna S. Kao, Lam Thuy Vo",international,,,
Al Jazeera America,"The politicization of the debt ceiling, in one chart",http://america.aljazeera.com/content/ajam/articles/multimedia/graphic-the-politicizationofthedebtceilinginonegraph.html,10/16/2013,interactive graphic,,,Michael Keller,international,,,
Al Jazeera America,Humanitarian Crisis in Syria,http://america.aljazeera.com/articles/multimedia/interactive-humanitariancrisisinsyria.html,2013,"explainer, interactive graphic, interactive map",,,"Michael Keller, Alex Newman, Lam Thuy Vo",international,,,
Al Jazeera America,123456 and other things that shouldn't be your password,http://america.aljazeera.com/multimedia/2013/11/123456-your-mom-andotherthingsthatshouldntbeyourpassword.html,11/5/2013,"interactive presentation, interactive graphic",,,"Joanna S. Kao, Lam Thuy Vo",international,,,
Al Jazeera America,Where would 7 million displaced Syrians fit?,http://projects.aljazeera.com/2013/syrias-refugees/index.html,10/31/2013,"interactive map, crowd source",,,Michael Keller,international,"Leaflet.js, CartoDB",http://towcenter.org/blog/where-would-7-million-displaced-syrians-fit/,
Al Jazeera America,Fast-food workers walk off jobs in '100 city' low-pay protest,http://america.aljazeera.com/articles/2013/12/5/fast-food-workerswalkoffjobs.html,12/5/2013,"interactive feature, crowd source",,,,international,Twitter API,,
Al Jazeera America,Timeline of school shootings since Sandy Hook,http://america.aljazeera.com/multimedia/timeline/2013/12/timeline-of-schoolshootingssincesandyhook.html,12/10/2013,timeline,,,"Joshua Eaton, Ben Piven",international,Timeline.js,,
Al Jazeera America,From Forest to Food Bank,http://projects.aljazeera.com/2014/hunting/,2014,"interactive presentation, slide show, graphic",,,"Joanna S. Kao, Lam Thuy Vo, Dave Mayers",international,,,
Al Jazeera America,What's in a name?,http://projects.aljazeera.com/2014/namestories/,2014,"interactive feature, audio",,,"Joanna S. Kao, Lam Thuy Vo, Dave Mayers, Sandra Dieckmann",international,,,
Al Jazeera America,Waiting On A Fix,http://projects.aljazeera.com/2014/crack-cocaine/,2014,"interactive presentation, video, audio, interactive graphic, graphic",,,"Joanna S. Kao, Michael Keller, Dave Mayers, Steve Melendez, Alex Newman, Lam Thuy Vo",international,,,
Al Jazeera America,Sortable table: Judges’ leniency varies greatly from district to district,http://america.aljazeera.com/multimedia/2014/3/sortable-table-cracksentencingreductions.html,3/23/2014,table,,,,international,,,
Al Jazeera America,"For many, hormonal birth control an increasingly bitter pill to swallow",http://america.aljazeera.com/articles/2014/4/1/contraception-birthcontrolfertilitypill.html,4/2/2014,"interactive presentation, interactive graphic",,,,international,,,
Al Jazeera America,Treasured Island,http://projects.aljazeera.com/2014/tangier-island/,5/11/2014,"interactive presentation, slide show, audio, map",,,"Alex Newman, Steve Melendez",international,,,
Al Jazeera America,Payday Nation,http://projects.aljazeera.com/2014/payday-nation/index.html,6/17/2014,"interactive presentation, interactive graphic",,,"Michael Keller, Tate Strickland, Lam Thuy Vo, Alex Newman, Joanna S. Kao, Lam Thuy Vo",international,,,
Al Jazeera America,Payday Nation | Dissatisfied Customers,http://projects.aljazeera.com/2014/payday-nation/complaints.html,6/17/2014,"interactive map, interactive graphic, documents",,,"Julia Harte, Michael Keller, Joanna Zuckerman Bernstein, Nick Nehamas",international,,,
Al Jazeera America,Voting's 'impending crisis',http://america.aljazeera.com/multimedia/2014/9/voting-s-impendingcrisis.html,9/15/2014,"interactive presentation, interactive map, database, static graphic",,,Michael Keller,international,,,
Al Jazeera America,Listen to Ferguson: Portraits,http://projects.aljazeera.com/2014/ferguson-elections/,10/28/2014,"interactive feature, audio",,,Jamie Tarabay,international,,,
Al Jazeera America,Ferguson talks politics,http://projects.aljazeera.com/2014/ferguson-elections/audio-stories.html,10/28/2014,"interactive feature, audio",,,Jamie Tarabay,international,,,
Al Jazeera America,Jim Crow Returns,http://projects.aljazeera.com/2014/double-voters/index.html,10/29/2014,"interactive presentation, documents, static graphic, table",,,"Alex Newman, Steve Melendez, Tate Strickland, John Thomason, Lam Thuy Vo",international,,,
Al Jazeera America,In the path of the pipeline,http://projects.aljazeera.com/2014/pipeline-politics/south-dakota-pipeline.html,10/30/2014,,,,,international,,,
Al Jazeera America,Plains Bedfellows,http://projects.aljazeera.com/2014/pipeline-politics/south-dakota-pipeline.html,10/31/2014,"interactive presentation, slide show",,,,international,,,
Al Jazeera America,NYPD misconduct claims at record highs,http://america.aljazeera.com/articles/2014/12/9/nypd-misconduct-claimsatalltimehighs.html,12/9/2014,interactive graphic,,,Michael Keller,international,,,
Al Jazeera America,Holiday shopping? How much do data breach notification laws protect?,http://america.aljazeera.com/multimedia/2014/12/to-catch-a-breachhowmuchdodatabreachnotificationlawsprotect.html,12/1/2014,interactive map,,,Michael Keller,international,,,
Al Jazeera America,Star Wars Desert Rave in Tunisia,http://projects.aljazeera.com/2015/02/star-wars-tunisia/,2/28/2015,"interactive presentation, slide show, pan",,,Joanna S. Kao,international,,,
Al Jazeera,What's left of Syria?,http://www.aljazeera.com/indepth/interactive/2015/03/left-syria-150317133753354.html,3/17/2015,interactive feature,,,"Diana Al Rifai, Mohammed Haddad",international,,,
Al Jazeera,Life on Hold: The struggle of Syrian refugees in Lebanon.,http://lifeonhold.aljazeera.com/,2015,"interactive feature, slide show, audio, video, crowd source, static map, interactive graphic, time series",,,"Ghassan Fayad, Ralph Dfouni, Kevin Lo, Lokidesign, Colas Wohlfahrt,Elise Zamia, Alex Boisselle, Jérôme Leveneur, Drew Taylor, Valérie Lefrançois, Christelle Franca, David Drury, Paul Madillo, Marie Bernachez",international,,,
Al Jazeera America,Paris attacks muddle EU response to refugee crisis,http://america.aljazeera.com/articles/2015/11/16/paris-attacks-muddle-eu-response-to-refugee-crisis.html,11/16/2015,interactive map,,,,international,CartoDB,,
,,,,,,,,,,,
,,,,,,,,,,,
,,,,,,,,,,,
,,,,,,,,,,,
The Australian Financial Review,Federal politicians on Social Media,http://www.afr.com/p/national/interactive_federal_politicians_vpy0eSBbivxOUKCZHOX8GI,12/15/2012,"interactive graphic, database",,,Edmund Tadros,international,,,
,,,,,,,,,,,
,,,,,,,,,,,
,,,,,,,,,,,
,,,,,,,,,,,
BBC,Budget calculator: How will the Budget 2012 affect you?,http://www.bbc.co.uk/news/business-17442946,,,,,,international,,,
BBC,Every death on every road in Great Britain 1999-2010,http://www.bbc.co.uk/news/uk-15975720,,,,,,international,,,
BBC,Japan disaster: before and after,http://www.bbc.co.uk/news/world-asia-pacific-12731781,,,,,,international,,,
BBC,Japan earthquake: video reports,http://www.bbc.co.uk/news/world-asia-pacific-12716870,,,,,,international,,,
BBC,Phone-hacking scandal: Who's linked to who?,http://www.bbc.co.uk/news/uk-14846456,,,,,,international,,,
BBC,Student finance calculator,http://www.bbc.co.uk/news/education-14785676,,,,,,international,,,
BBC,Where are you on the global pay scale?,http://www.bbc.co.uk/news/magazine-17543356,,,,,,international,,,
BBC,The Great British class calculator,http://www.bbc.co.uk/news/magazine-22000973,4/3/2013,"interactive feature, interactive graphic, game",,,"Steven Atherton, Kathy Neal, Harjit Kaura, Christine Jeavans, Applied Works",international,,,
BBC,2013: A year in graphics,http://www.bbc.co.uk/news/world-25419166,2013,interactive feature,,,,international,,,
BBC,Space Race,http://www.bbc.co.uk/bbc.com/future/bespoke/20140304-how-big-is-space-interactive/index.html,3/4/2014,interactive feature,,,iibstudio,international,,,
BBC,Scotland Decides: Results,http://www.bbc.com/news/events/scotland-decides/results,2014,"interactive graphic, live coverage, interactive map",,,,international,,,
BBC,The chance events that led to human existence,http://www.bbc.co.uk/timelines/z9hwjxs,2014,timeline,,,,international,,,
BBC,Your life on earth,http://www.bbc.com/earth/story/20141016-your-life-on-earth,2014,interactive feature,,,,international,,,
BBC,How world’s worst Ebola outbreak began with one boy’s death,http://www.bbc.com/news/world-africa-30199004,11/26/2014,"interactive presentation, video, video graphic, static graphic, static map",,,Nassos Stylianou,international,,,
BBC,How long would it take you to earn a top footballer’s salary?,http://www.bbc.co.uk/news/world-31110113,2/4/2015,interactive feature,,,"Nassos Stylianou, Nathan Mercer, James Offer, Laura Cantadori, Aidan Fewster",international,,,
BBC,Syrian Journey: Choose your own route,http://www.bbc.co.uk/news/world-middle-east-32057601,3/31/2015,interactive feature,,,"Gerry Fletcher, Charlotte Thornton, Marcelo Zanni, Dominic Bailey",international,,,
BBC,Syrian Journey: What would you take with you?,http://www.bbc.co.uk/news/world-middle-east-31987373,3/31/2015,interactive feature,,,,international,,,
BBC,Syria: Mapping the conflict,http://www.bbc.co.uk/news/world-middle-east-22798391,3/12/2015,"interactive map, static map",,,,international,,,
BBC,Syria's refugee exodus,http://www.bbc.co.uk/news/world-middle-east-24900116,5/29/2014,"interactive graphic, timeline, interactive map, static map",,,"Lucy Rodgers, Gerry Fletcher, Steven Connor, Tom Maslen",international,,,
BBC,Election 2015: Mapping constituency opinion polls,http://www.bbc.co.uk/news/election-2015-31712045,4/10/2015,interactive map,,,"Laura Cantadori, James Offer, Mark Gerrard",international,,,
BBC,Crash: Death on Britain's roads,http://news.bbc.co.uk/1/hi/in_depth/uk/2009/crash/8414354.stm,2009,interactive graphic,,,,international,,,
BBC,The village and the girl,http://www.bbc.co.uk/news/resources/idt-dd0e6fd5-12fc-4a4a-a0eb-4ef064900f92,6/22/2015,"interactive presentation, video, static graphic",,,"Hannah Green, Paul Kerley, Stephen Mulvey, Nick Davey, Steven Connor",international,Shorthand,,
BBC,My Premier League Life,http://www.bbc.co.uk/sport/football/my-premier-league-life,2015,interactive graphic,,,,international,,,
BBC,London - centric,http://www.bbc.co.uk/news/resources/idt-248d9ac7-9784-4769-936a-8d3b435857a8,2015,"interactive feature, photo essay",,,"Punit Shah, Steven Connor",international,Shorthand,,
BBC,Two Billion Miles,http://twobillionmiles.com/,2015,"interactive feature, video, game, static map",,,"Mike Smith, Felix Renicks, Kieron Bryan, Harry Horton, Jon Laurence, Ed Fraser",international,,,
BBC,How many air strikes are taking place in Syria?,http://www.bbc.co.uk/programmes/p038x8xb,11/23/2015,audio graphic,,,"Neal Razzell, James Beard",international,,,
BBC,"What does it mean to be a ""Good Girl""?",http://www.bbc.co.uk/news/resources/idt-705535d7-11fc-4065-848f-9e2e5d47d1d5,2015,"interactive feature, illustration, animation",,,,international,,,
BBC,Great views. Sleeps six: What's it like to live on the International Space Station?,http://www.bbc.co.uk/news/resources/idt-c1dffc35-fe53-492d-a4bf-752a22bd1ebc,2015,"interactive feature, video, 3D, diagram",,,"Gerry Fletcher, Janet Jones, Paul Sargeant, Marcelo Zanni, George Spencer",international,,,
,,,,,,,,,,,
,,,,,,,,,,,
,,,,,,,,,,,
,,,,,,,,,,,
Berliner Morgenpost,Flugrouten-Radar: Diese Flüge kreuzen Ihren Kiez (These flights will cross your neighborhood),"http://flugroutenradar.morgenpost.de/#mein-standort/2013-04-12/52.411234,13.129159",2013,"interactive map, interactive graphic",,,"Julius Tröger, André Pätzold",international,,http://www.digitalerwandel.de/2013/04/23/wir-bauen-uns-eine-nachrichtenquelle-werkstattbericht-zum-flugrouten-radar/,
Berliner Morgenpost,Bundestagswahl 2013 in Berlin Alle Stimmen der 1709 Wahllokale (Bundestag election in 2013 in Berlin All votes of the 1709 Local Election),http://berlinwahlkarte2013.morgenpost.de/,2013,interactive map,,,"Julius Tröger , André Paetzold, Moritz clack",international,,,
Berliner Morgenpost,Unsichtbar: Vom Leben auf der Straße (Invisible: From life on the road),http://unsichtbar.morgenpost.de/,2014,"interactive feature, video",,,"Julius Tröger , Moritz clack , Max Boenke",international,,,
Berliner Morgenpost,So stark steigen die Mieten in Berlins Kiezen (So strong increase rents in Berlin neighborhoods),http://www.morgenpost.de/interaktiv/mieten/article136875377/So-stark-steigen-die-Mieten-in-Berlins-Kiezen.html?config=interactive,2/3/2015,interactive graphic,,,"Julius Tröger, Moritz Klack, David Wendler, Christopher Möller",international,,,
Berliner Morgenpost,Neuvermietungen: Wo Sie sich Berlin leisten können (New leases: Where you can afford Berlin),http://interaktiv.morgenpost.de/mietkarte-berlin/#2-1650,2/3/2015,interactive map,,,"Julius Tröger, Moritz clack",international,"Leaflet.js, MapBox",,
Berliner Morgenpost,Wie sich die Masern in Berlins Bezirken ausbreiten,http://www.morgenpost.de/berlin/article137810495/Wie-sich-die-Masern-in-Berlins-Bezirken-ausbreiten.html?config=interactive,2/27/2015,"interactive graphic, interactive map, timeline",,,"Julius Tröger, Christopher Möller, André Pätzold",international,,,
Berliner Morgenpost,Die Narbe der Stadt,http://mauerweg.morgenpost.de/,2014,"interactive feature, video, interactive map",,,,international,,,
Berliner Morgenpost,Ist der BER schon fertig?,http://www.istderberschonfertig.de/,3/31/2015,"interactive feature, video",,,"Julius Tröger, Christopher Möller, Diana Zinkler, David Wendler, André Pätzold, Max Boenke, Joachim Fahrun, Gudrun Mallwitz, Thomas Fülling, Moritz Klack",international,,,
Berliner Morgenpost,Condominiums: Where can you afford Berlin,http://interaktiv.morgenpost.de/wohnungspreis-karte-berlin/,4/24/2015,interactive map,,,"Julius Tröger, Moritz clack, David Wendler, Christopher Moeller",international,,,
Berliner Morgenpost,Mein Kriegsende in Berlin,http://interaktiv.morgenpost.de/mein-kriegsende-in-berlin/,5/5/2015,"interactive presentation, video, interactive map",,,"Susanne Leinemann, Jan Draeger, Felix Müller, Julius Tröger, Reto Klar, Max Boenke, David Wendler, Christopher Möller, Moritz Klack",international,,,
Berliner Morgenpost,Champions League 2015 Diese Spieler kämpfen in Berlin um den Titel,http://interaktiv.morgenpost.de/champions-league-in-berlin/,5/29/2015,interactive feature,,,"Julius Tröger, Moritz Klack, David Wendler, Michael Bee, Johannes Barkhau",international,,,
Berliner Morgenpost,Wo Europas Bevölkerung wächst – und wo sie schrumpft,http://interaktiv.morgenpost.de/europakarte/#5/48.429/11.272/de,2015,interactive map,,,,international,"OpenStreetMap, Mapbox",,
Berliner Morgenpost,Zehn von 800.000,http://interaktiv.morgenpost.de/fluechtlinge-berlin/,8/24/2015,"interactive feature, interactive map",,,"Laura Will, Martin Nejezchleba, Julius Tröger, Moritz Klack, David Wendler",international,,,
Berliner Morgenpost,Deutschland geteilt und vereint,http://interaktiv.morgenpost.de/deutschland-geteilt-vereint/,9/2/2015,"interactive feature, before/after, photo gallery",,,"Julius Tröger, Christopher Möller",international,,,
Berliner Morgenpost,520 MegapixelDas detaillierteste Foto des RAW-Geländes,http://interaktiv.morgenpost.de/raw-berlin-panorama/,8/28/2015,"interactive feature, panorama",,,,international,,,
Berliner Morgenpost,Aus welchen Ländern Flüchtlinge nach Berlin kommen,http://interaktiv.morgenpost.de/woher-berlins-fluechtlinge-kommen/,9/11/2015,interactive graphic,,,"Jens Anker, Matthias Steube, Rüdiger Finke, Julius Tröger, Christian Schlippes, Moritz Klack, David Wendler",international,,,
Berliner Morgenpost,Wo Deutschland Flüchtlinge aufnimmt,http://interaktiv.morgenpost.de/fluechtlinge-in-deutschland/,9/17/2015,"interactive graphic, table, interactive map",,,"Julius Tröger, Christopher Möller, David Wendler",international,,,
Berliner Morgenpost,Lärmkarte BerlinSo laut ist es vor Ihrer Haustür,http://interaktiv.morgenpost.de/laermkarte-berlin/,9/22/2015,interactive map,,,"Julius Tröger, Christopher Möller, Moritz Klack, Max Boenke, David Wendler",international,"OpenStreetMap, Mapbox",,
Berliner Morgenpost,400 Megapixel: Das detaillierteste Foto des Berlin-Marathons,http://interaktiv.morgenpost.de/berlin-marathon/,2015,"interactive feature, panorama",,,,international,,,
Berliner Morgenpost,Einheitsreise,http://einheitsreise.morgenpost.de/,10/1/2015,"interactive feature, interactive map, crowd source, video, panorama",,,"Uta Keseling, Max Boenke, Reto Klar, Julius Tröger, Christopher Möller, David Wendler, Moritz Klack",international,,,
Berliner Morgenpost,Berlins neue Skyline,http://interaktiv.morgenpost.de/berlins-neue-skyline/,11/5/2015,"interactive feature, interactive map, 3D, video",,,"Julius Tröger, Moritz Klack, Isabell Jürgens, Christopher Möller, André Pätzold, David Wendler ",international,OSM Buildings,http://blog.webkid.io/3d-maps-with-osmbuildings/,
Berliner Morgenpost,"Zugezogene und echte Berliner - Wer kam, wer ging, wer heute hier wohnt",http://www.morgenpost.de/berlin/25-jahre-mauerfall/interaktiv/article133254520/Gebuertige-Berliner-und-Zugezogene-Wer-kam-wer-ging-wer-heute-hier-wohnt.html?config=interactive,11/7/2014,"interactive map, interactive graphic, static graphic, table, animation, illustration",,,"Julius Tröger, André Pätzold, Moritz Klack, David Wendler, Christopher Möller, Björn Schwentker",international,,,
Berliner Morgenpost,Die Berliner ziehen nicht mehr um,http://interaktiv.morgenpost.de/umzuege-in-berlin/,11/11/2014,interactive graphic,,,"Julius Tröger, Christopher Möller, David Wendler",international,,,
Berliner Morgenpost,So lange zahlen Sie für eine Eigentumswohnung,http://interaktiv.morgenpost.de/wohnungskauf-in-deutschland/,12/10/2015,interactive map,,,"Julius Tröger, Moritz Klack, André Pätzold, David Wendler",international,,,
Berliner Morgenpost,Alle Berliner Messstationen unter EU-Jahresgrenzwert,http://www.morgenpost.de/berlin/article127420411/Wo-die-Feinstaub-Belastung-in-Berlin-am-hoechsten-ist.html?config=interactive,12/14/2015,interactive graphic,,,"Julius Tröger, Moritz Klack, André Pätzold, Christian Schlippes, Manuel Mascato",international,,,
Berliner Morgenpost,Der Himmel über Berlin – Tag für Tag,http://interaktiv.morgenpost.de/himmel-ueber-berlin/,12/16/2015,interactive graphic,,,"Lars Wienand, Interaktiv-Team",international,,,
Berliner Morgenpost,So (un)pünktlich ist Ihre Linie,http://interaktiv.morgenpost.de/verspaetungen-berlin/,12/17/2015,"interactive feature, static graphic",,,"Thomas Fülling, Julius Tröger, David Wendler, Christopher Möller",international,,,
Berliner Morgenpost,Zugezogenen-Atlas – Woher die Berliner wirklich kommen,http://interaktiv.morgenpost.de/berliner-zugezogenen-atlas/,1/21/2016,"interactive map, table, video",,,"André Pätzold, Julius Tröger, David Wendler, Moritz Klack, Christopher Möller",international,,,
Berliner Morgenpost,"Zugezogene und echte Berliner - Wer kam, wer ging, wer heute hier wohnt",http://www.morgenpost.de/berlin/25-jahre-mauerfall/interaktiv/article133254520/Gebuertige-Berliner-und-Zugezogene-Wer-kam-wer-ging-wer-heute-hier-wohnt.html?config=interactive,11/7/2014,"static map, interactive map, interactive graphic, static graphic, time series, illustration",,,"Julius Tröger, André Pätzold, Moritz Klack, David Wendler, Christopher Möller, Björn Schwentker",international,,,
Berliner Morgenpost,Hass gegen Flüchtlinge in Berlin – eine Chronologie,http://interaktiv.morgenpost.de/angriffe-unterkuenfte-berlin/,2/5/2015,"static feature, timeline",,,,international,,,
Berliner Morgenpost,Zugezogenen-Atlas – Woher die Erfurter kommen,http://interaktiv.tlz.de/erfurter-zugezogenen-atlas/,2/15/2016,"interactive map, table",,,,international,"Leaflet, Mapbox, OpenStreetMap",,
,,,,,,,,,,,
,,,,,,,,,,,
,,,,,,,,,,,
,,,,,,,,,,,
CBC,A step-by-step look at the common cold,http://www.cbc.ca/news/interactives/cold-virus/,11/1/2011,interactive graphic,,,"Duk Han Lee, Kerry Wall",international,,,
CBC,Canada and Kyoto: A history of the country's involvement and its greenhouse gas emissions,http://www.cbc.ca/news/interactives/canada-kyoto/,12/12/2011,"timeline, interactive graphic",,,"Duk Han Lee, Kerry Wall",international,,,
CBC,Airlines and bankruptcy protection,http://www.cbc.ca/news/interactives/airline-bankruptcy/,11/29/2011,interactive presentation,,,Kerry Wall,international,,,
CBC,Egypt: The house Tahrir built,http://www.cbc.ca/news/interactives/egypt-apartment/,1/24/2012,"interactive presentation, video",,,"Nahlah Ayed, Stephanie Jenzer, Ousama Farag, Kerry Wall",international,,,
CBC,"Canada's deficits and surpluses, 1963-2011",http://www.cbc.ca/news/interactives/canada-deficit/,5/25/2012,interactive graphic,,,"Michael Pereira, Robert Vajda, Kerry Wall",international,,,
CBC,The Giller Prize,http://www.cbc.ca/news/interactives/giller-prize/,11/9/2011,"timeline, interactive presentation",,,Kerry Wall,international,,,
CBC,The Nobel Peace Prize,http://www.cbc.ca/news/interactives/peace-prize/,9/28/2011,"interactive presentation, slideshow",,,Kerry Wall,international,,,
CBC,World leaders' airline arrangements,http://www.cbc.ca/news/interactives/leader-travel/,9/22/2011,"interactive presentation, slideshow",,,Kerry Wall,international,,,
CBC,Jim Henson: Life and times,http://www.cbc.ca/news/interactives/henson/,,"interactive presentation, slideshow",,,Kerry Wall,international,,,
CBC,Jack Layton: A chalk tribute in Toronto,http://www.cbc.ca/news/interactives/layton-wall/,8/23/2011,interactive presentation,,,"Kerry Wall, Amber Hildebrandt",international,,,
CBC,U.K. riots: Messages of support in Peckham,http://www.cbc.ca/news/interactives/uk-riot-wall/,8/10/2011,interactive presentation,,,Kerry Wall,international,,,
CBC,A recent history of Time's Person of the Year,http://www.cbc.ca/news/interactives/time-person/,12/14/2011,"interactive presentation, slideshow",,,Kerry Wall,international,,,
CBC,Ladybugs: Spotting the difference,http://www.cbc.ca/news/interactives/ladybugs/,7/21/2011,interactive graphic,,,Kerry Wall,international,,,
CBC,A look back at attacks in Scandinavia,http://www.cbc.ca/news/interactives/scandinavian-attack/,7/22/2011,interactive presentation,,,Kerry Wall,international,,,
CBC,Canada Votes 2008 | North America Votes,http://www.cbc.ca/news/canadavotes/interactives/tl-namericavotes/,9/10/2008,,,,Kerry Wall,international,,,
CBC,Canada Votes 2008 | seats up for grabs,http://www.cbc.ca/news/canadavotes/interactives/map-availableseats/,9/9/2008,,,,Kerry Wall,international,,,
CBC,Toronto International Film Festival: A history of opening nights,http://www.cbc.ca/news/interactives/tiff-openers/,8/13/2012,interactive presentation,,,Kerry Wall,international,,,
CBC,Cross-border travel fees,http://www.cbc.ca/news/interactives/travel-fees/,10/26/2011,interactive graphic,,,Kerry Wall,international,,,
CBC,Male-to-female birth ratios by country,http://www.cbc.ca/news/interactives/birth-ratios/,5/22/2012,interactive map,,,Kerry Wall,international,Google Maps,,
CBC,Recent plant closures across Canada,http://www.cbc.ca/news/interactives/plant-closures/,6/1/2012,interactive map,,,Kerry Wall,international,Google Maps,,
CBC,New Buenos Aires filmmakers stretch boundaries,http://www.cbc.ca/news/interactives/argentina/,8/23/2011,interactive map,,,Kerry Wall,international,Google Maps,,
CBC,Mapping the Chungs' $12.5M insider win,http://www.cbc.ca/news/interactives/map-lotto/,11/14/2011,interactive map,,,"Michael Pereira, Kerry Wall",international,Google Maps,,
,,,,,,,,,,,
,,,,,,,,,,,
,,,,,,,,,,,
,,,,,,,,,,,
De Standaard,Deze mannen kiezen straks een nieuwe paus.,http://www.standaard.be/extra/conclaaf,,interactive graphic,,,,international,,,complete copy of an NYTimes interactive
,,,,,,,,,,,
,,,,,,,,,,,
,,,,,,,,,,,
,,,,,,,,,,,
Der Spiegel,Wetter: Wann in Deutschland der erste Schnee fällt,http://www.spiegel.de/panorama/wetter-wann-faellt-in-deutschland-der-erste-schnee-a-1064475.html,11/25/2015,"interactive graphic, interactive map",,,"Von Manuel Reitz, Patrick Stotz, Achim Tack",international,,,
Der Spiegel,Datenanalyse: Wie Terror und politische Umbrüche den Tourismus beeinflussen,http://www.spiegel.de/reise/aktuell/terror-und-tourismus-die-folgen-politischer-umbrueche-datenanalyse-a-1076229.html,2/19/2016,"interactive graphic, static graphic",,,"Patrick Stotz, Achim Tack",international,,,
,,,,,,,,,,,
,,,,,,,,,,,
,,,,,,,,,,,
,,,,,,,,,,,
Die Welt,Abnicker oder Rebell – Wer ist was im Bundestag?,http://www.welt.de/politik/deutschland/article151296429/Abnicker-oder-Rebell-Wer-ist-was-im-Bundestag.html,1/27/2016,interactive graphic,,,"Von George Arnett, Diego Caponera, Marcel Pauly, Anne Gathmann",international,,,
,,,,,,,,,,,
,,,,,,,,,,,
,,,,,,,,,,,
,,,,,,,,,,,
DIE ZEIT,Jobwunder für alle?,http://www.zeit.de/wirtschaft/arbeitslosigkeit,,,,,,international,,,
DIE ZEIT,Gruppenbild einer alternden Gesellschaft,http://www.zeit.de/wissen/altersstruktur,,,,,,international,,,
DIE ZEIT,Data Blog: Wo wird in Deutschland rechtsextrem gewählt?,http://blog.zeit.de/open-data/2012/11/16/rechtsextreme-parteien-bundestagswahl-zweitstimmen/,,interactive map,,,,international,,,
DIE ZEIT,Das geteilte Land,http://www.zeit.de/feature/mauerfall-das-geteilte-land,10/2/2014,"interactive presentation, interactive map, static graphic",,,"Lisa Borgenheimer, Paul Blickle, Julian Stahnke, Sascha Venohr",international,,,
,,,,,,,,,,,
,,,,,,,,,,,
,,,,,,,,,,,
,,,,,,,,,,,
Edmonton Journal,Highway 63 features map,http://www.edmontonjournal.com/news/highway63/map/index.html,,interactive map,,,Lucas Timmons,international,Raphael.js,http://blogs.edmontonjournal.com/2012/05/25/how-we-did-it-highway-63-features-map/,
,,,,,,,,,,,
,,,,,,,,,,,
,,,,,,,,,,,
,,,,,,,,,,,
El Español,España en cifras,http://espanaencifras.elespanol.com/#home_maps,2015,interactive map,,,,international,CartoDB,,
,,,,,,,,,,,
,,,,,,,,,,,
,,,,,,,,,,,
,,,,,,,,,,,
El Mundo,Frases históricas de los Debates sobre el Estado de la Nación,http://www.elmundo.es/grafico/espana/2015/02/24/54ec3529ca47411c578b456f.html,2/24/2015,"interactive feature, timeline",,,Ángel Corral Arias,international,,,
El Mundo,"Nuevo puente de Cádiz, La Pepa",http://www.elmundo.es/grafico/espana/2015/09/23/55bb2de622601d5c248b4579.html,9/23/2015,"interactive map, interactive graphic, diagram, stepper",,,Juan C. Sanchez,international,,,
El Mundo,Simulador de mayorías en el Pleno de investidura,http://www.elmundo.es/grafico/espana/2016/01/14/56961c6a46163f226e8b4617.html,1/14/2016,"interactive graphic, illustration",,,"Pablo Medina, Javier J. Barriocanal, Hugo Garrido, Ricardo",international,,,
,,,,,,,,,,,
,,,,,,,,,,,
,,,,,,,,,,,
,,,,,,,,,,,
"The European Journalism Centre, Rue89",ReConstruire Haïti,http://apps.rue89.com/haiti/,,"interactive feature, video",,,"Florent Maurin, Gilles Boisson, Jonathan Fallon, Perceval Barrier",international,,,
,,,,,,,,,,,
,,,,,,,,,,,
,,,,,,,,,,,
,,,,,,,,,,,
Financial Review,Apology Generator,http://www.afr.com/news/politics/national/interactive-apology-generator-20150803-giq60y.html,8/3/2015,interactive feature,,,"Edmund Tadros, Misa Han",international,,,
Financial Review,Fairfax Ipsos poll: Voters back GST rise...with compensation,http://www.afr.com/news/politics/fairfax-ipsos-poll-voters-back-gst-rise-as-long-as-they-get-compensation-20151114-gkz84n?ddd,11/16/2015,"interactive feature, static graphic",,,"Edmund Tadros, D. Woodgate",international,,,
,,,,,,,,,,,
,,,,,,,,,,,
,,,,,,,,,,,
,,,,,,,,,,,
The Financial Times,Austerity audit,http://ig.ft.com/austerity-audit/,,"interactive presentation, interactive map",,,"Steve Bernard, Emily Cadman, Katie Carnie, Luke Kavanagh, Callum Locke, Caroline Nevitt, Martin Stabe, Richard Still",international,,,
The Financial Times,London’s renting crisis,http://www.ft.com/cms/s/2/ad4ef6a4-503d-11e3-befe-00144feabdc0.html,11/19/2013,interactive map,,,"Tom Pearson, John Burn-Murdoch, Sarah O'Connor",international,"OpenStreetMap, Hometrack",,
The Financial Times,Scottish referendum results,http://www.ft.com/ig/sites/2014/scottish-results/,2014,"interactive graphic, live coverage",,,"Tom Pearson, Steven Bernard, Martin Stabe",international,,,
The Financial Times,Top 100 scorers in Champions League history,http://www.ft.com/ig/features/champions-league-goal-scorers/index.html#,11/23/2014,interactive graphic,,,John Burn-Murdoch,international,D3.js,,
The Financial Times,A world of debt,http://www.ft.com/ig/sites/2014/debt-to-gdp-ratio/#usa,2014,interactive graphic,,,"Steve Bernard, John Burn-Murdoch, Robin Kwong, Callum Locke, Robin Wigglesworth",international,,,
The Financial Times,Nadal and Federer: two paths to greatness,http://www.ft.com/ig/features/baseline/federer-nadal-different-paths-greatness/,2015,interactive graphic,,,John Burn-Murdoch,international,D3.js,,
The Financial Times,The greatest men's tennis players ever,http://www.ft.com/ig/features/baseline/greatest-tennis-players-of-all-time/,2015,interactive graphic,,,John Burn-Murdoch,international,D3.js,,
The Financial Times,Could subscriptions fund the BBC?,http://ig.ft.com/sites/2015/bbc/,2015,interactive graphic,,,"Robin Kwong, Caroline Nevitt, Henry Mance",international,D3.js,,
The Financial Times,Lessons in Britishness,http://www.ft.com/ig/sites/2015/special-reports/lessons-in-britishness/,3/2/2015,"interactive presentation, video, static graphic",,,"Kari-Ruth Pedersen, Caroline Nevitt, Chris Campbell, Gavin Jackson, George Kyriakos, Andy Mears, Phillip Parrish",international,,,
The Financial Times,Seat Moves,http://elections.ft.com/uk/2015/seatmoves/,3/3/2015,interactive graphic,,,,international,D3.js,,
The Financial Times,Coalition calculator,http://elections.ft.com/uk/2015/coalition-calculator,4/27/2015,interactive graphic,,,,international,D3.js,,
The Financial Times,Saudi Arabia’s royal family tree,http://www.ft.com/cms/s/0/27c2476a-9291-11e4-b213-00144feabdc0.html#axzz3YcE75aNI,,interactive graphic,,,"Katie Carnie, Ben Freese",international,,,
The Financial Times,(No Title),http://www.ft.com/ig/features/2014-11-04_elevators/lifts_test.html,2014,interactive graphic,,,"John Burn-Murdoch, Cleve Jones",international,D3.js,,
The Financial Times,Premier League first XIs compared,http://www.ft.com/ig/features/baseline/every-premier-league-squad-compared-graphic/,6/2/2015,interactive graphic,,,John Burn-Murdoch,international,D3.js,,
The Financial Times,Surface tension in tennis,http://www.ft.com/ig/features/baseline/surface-tension-in-tennis/,,"interactive graphic, stepper",,,John Burn-Murdoch,international,D3.js,,
The Financial Times,Iran’s nuclear sites,http://www.ft.com/ig/sites/2013/iran-nuclear-sites/,11/20/2013,"interactive map, static map",,,"Martin Stabe, Monavar Khalaj",international,,,
The Financial Times,The UK economy at a glance,http://ig.ft.com/sites/uk/economic-dashboard/,7/28/2015,static graphic,,,,international,,,
The Financial Times,Boko Haram’s deadly evolution,http://ig.ft.com/sites/2015/boko-haram-timeline/,8/20/2015,"interactive map, static graphic, timeline",,,"Callum Locke, Caroline Nevitt, Robin Kwong, Aleksandra Wisniewska, Steve Bernard, Aimee Keane, William Wallis, Maggie Fick",international,"D3.js, OpenStreetMap",,
The Financial Times,Which is the best football league in Europe?,http://ig.ft.com/sites/the-best-football-league-in-europe/,9/28/2015,"interactive presentation, static graphic, interactive graphic, table",,,John Burn-Murdoch,international,D3.js,,
The Financial Times,What is the world really doing to stop climate change?,http://ig.ft.com/sites/climate-change-calculator/,10/19/2015,interactive graphic,,Climate Change,"John Burn-Murdoch, Pilita Clark",international,,,
The Financial Times,Paris attacks renew questions about Europe’s border-free travel,http://www.ft.com/cms/s/0/e78ea672-8c7a-11e5-8be4-3506bf20cc2b.html#axzz3rlWgVXiT,11/16/2015,"static map, gif",,,Steven Bernard,international,Keynote,,
The Financial Times,Who are the best ever Formula One drivers?,http://ig.ft.com/sites/the-best-f1-drivers-ever/,11/29/2015,interactive graphic,,,John Burn-Murdoch,international,D3.js,,
The Financial Times,Modern-day slavery: How human trafficking spans the world,https://ig.ft.com/sites/2015/seasonal-appeal/how-human-trafficking-spans-the-world/,2015,interactive feature,,,"Robin Kwong, Caroline Nevitt, Matt Hinchliffe, Daniel Dombey, Aleksandra Wisniewska, Michelle Thompson",international,,,
The Financial Times,The fastest and longest goalscoring streaks in world football,http://blogs.ft.com/ftdata/2015/12/07/fastest-longest-goalscoring-streaks-world-football/,12/7/2015,"static graphic, gif",,,John Burn-Murdoch,international,,,
The Financial Times,Guffipedia,https://ig.ft.com/sites/guffipedia/,12/11/2015,"interactive feature, crowd source",,,,international,,,
The Financial Times,Which leagues have provided the most Ballon d'Or contenders?,https://ig.ft.com/sites/every-ballon-dor-winner/,1/15/2016,interactive graphic,,,John Burn-Murdoch,international,D3.js,,
The Financial Times,Djokovic’s 2015 was the greatest ever men's tennis season,https://ig.ft.com/sites/novak-djokovic-the-best-tennis-season-ever/,1/27/2016,interactive graphic,,,John Burn-Murdoch,international,"D3.js, D3-jetpack",,inspiration: https://twitter.com/Renestance/status/668513083955027969
The Financial Times,Brexit poll tracker,https://ig.ft.com/sites/brexit-polling/,2016,graphic,,EU referendum,,international,,,
,,,,,,,,,,,
,,,,,,,,,,,
,,,,,,,,,,,
,,,,,,,,,,,
Foreign Policy,A World Disrupted: The Leading Global Thinkers of 2014,http://globalthinkers.foreignpolicy.com/#decision-makers,11/18/2014,interactive feature,,,WeShouldDoItAll,international,,,
,,,,,,,,,,,
,,,,,,,,,,,
,,,,,,,,,,,
,,,,,,,,,,,
The Global Mail,Hussain's Journey,http://hussains-journey.theglobalmail.org/,2013,"interactive map, video",,,"Matthew Abbott, Sam Bungey, Daniel Kirkwood, Pat Armstrong, Mark Finger, B.J. Rossiter, Nikhil Sonnad",international,"MapBox, Leaflet.js",,
The Global Mail,At Work Inside Our Detention Centres: A Guard’s Story,http://serco-story.theglobalmail.org/,2014,"feature, illustrations",,,"Sam Wallman, Pat Grant, Sam Bungey, Nick Olle, Pat Armstrong, Mark Finger",international,,,
,,,,,,,,,,,
,,,,,,,,,,,
,,,,,,,,,,,
,,,,,,,,,,,
The Globe and Mail,React: What’s your take on Toronto Mayor Rob Ford’s ouster?,http://www.theglobeandmail.com/news/toronto/react-whats-your-take-on-toronto-mayor-rob-fords-ouster/article5665207/,2012,crowdsource,,,Christopher Manza,international,,,
The Globe and Mail,The Globe’s election forecast,http://www.theglobeandmail.com/news/politics/globe-election-forecast-2015/article25377958/,2015,"interactive graphic, static graphic",,,"Paul Fairie, Jeremy Agius, Julia Wolfe, Chris Hannay",international,,http://www.theglobeandmail.com/news/politics/how-our-election-forecasting-model-works/article25371747/,
,,,,,,,,,,,
,,,,,,,,,,,
,,,,,,,,,,,
,,,,,,,,,,,
Haaretz,The Dead Sea: A dramatic look at Israel's endangered natural wonder,http://www.haaretz.com/st/c/prod/global/deadsea/eng/5/,3/1/2016,"interactive presentation, video, interactive map",,,"Elijahu Malka, Jonathan Pollack, Max Shapiro",international,,,
,,,,,,,,,,,
,,,,,,,,,,,
,,,,,,,,,,,
,,,,,,,,,,,
La Nacion,Premios Oscar 2016: armá tu pronóstico,http://www.lanacion.com.ar/1872188-premios-oscar-2016-arma-tu-pronostico,2/22/2016,game,,,"Pablo Loscri, Ashley Wu, Gastón de la Llana, Cristian Bertelegni, Azul Cecinini, Florencia Fernández Blanco",international,,,
,,,,,,,,,,,
,,,,,,,,,,,
,,,,,,,,,,,
,,,,,,,,,,,
Le Monde,La domination de l'Espagne sur le foot mondial en une infographie,http://www.lemonde.fr/les-decodeurs/visuel/2015/06/11/la-domination-de-l-espagne-sur-le-foot-mondial-en-une-infographie_4652236_4355770.html,6/11/2015,interactive graphic,,,,international,,,
Le Monde,"Les États-Unis, terre d’accueil des nobélisés migrants",http://www.lemonde.fr/les-decodeurs/article/2015/10/09/les-etats-unis-terre-d-accueil-des-nobelises-migrants_4786346_4355770.html,10/9/2015,interactive graphic,,,,international,,,
Le Monde,Comment le Bataclan s'est transformé en piège mortel,http://www.lemonde.fr/les-decodeurs/visuel/2015/11/16/comment-le-bataclan-s-est-transforme-en-piege-mortel_4810884_4355770.html,11/16/2015,"interactive feature, diagram",,Paris Attacks,"Eric Béziat, Jules Grandin, Flavie Holzinger",international,,,
Le Monde,Elections régionales : la carte des résultats,http://www.lemonde.fr/les-decodeurs/article/2015/12/06/regionales-les-resultats-commune-par-commune_4825784_4355770.html,12/6/2015,interactive map,,,,international,,,
Le Monde,Régionales : le FN peine à s’implanter dans les grandes villes,http://www.lemonde.fr/les-decodeurs/article/2015/12/14/regionales-le-fn-peine-a-s-implanter-dans-les-grandes-villes_4831209_4355770.html,12/14/2015,interactive graphic,,,Jérémie Baruch,international,,,
Le Monde,Elections régionales 2015 : le FN a battu son record de voix,http://www.lemonde.fr/les-decodeurs/article/2015/12/13/elections-regionales-2015-fn-a-battu-son-record-de-voix_4831152_4355770.html,12/13/2015,interactive graphic,,,,international,,,
,,,,,,,,,,,
,,,,,,,,,,,
,,,,,,,,,,,
,,,,,,,,,,,
Le Temps,La galaxie Star Wars,http://labs.letemps.ch/interactive/2015/starwars/,2015,interactive feature,,,,international,,,
,,,,,,,,,,,
,,,,,,,,,,,
,,,,,,,,,,,
,,,,,,,,,,,
Maclean's,Shape of the House,http://www.macleans.ca/shape-of-the-house/,2015,interactive graphic,,,"Amanda Shendruk, Nick Taylor-Vaisey",international,,,
,,,,,,,,,,,
,,,,,,,,,,,
,,,,,,,,,,,
,,,,,,,,,,,
Manchester Evening News,Quiz: Northern Quarter or New York?,http://www.manchestereveningnews.co.uk/news/greater-manchester-news/quiz-northern-quarter-new-york-10243331,10/14/2015,"game, slideshow",,,Emma Mountford,international,,,
,,,,,,,,,,,
,,,,,,,,,,,
,,,,,,,,,,,
,,,,,,,,,,,
Neue Zürcher Zeitung,Keine Zeit für Wut – Vier Schicksale zwei Jahre nach «Fukushima»,http://fukushima.nzz.ch/,3/8/2013,"interactive presentation, graphic, map, video, slideshow",,,"Benjamin Wiederkehr, Peter Gassner, Jeremy Stucki, Christoph Schmid, Christian Siegrist, Jan Wächter, Piotr Fedorczyk, Martina Frantzén, Flavio Gortana",international,,http://datavisualization.ch/inside/how-we-visualized-life-after-fukushima/,"Similar in style to the NYT's ""Snowfall"""
Neue Zürcher Zeitung,"Labor market: Again, more unemployed in the EU",http://www.nzz.ch/aktuell/wirtschaft/wirtschaftsnachrichten/europa-arbeitslosigkeit-juni-2013-1.18108725,7/2/2013,interactive graphic,,,,international,,,
Neue Zürcher Zeitung,Grosse Dunkelziffer: Zahl der Hinrichtungen weltweit angestiegen,http://www.nzz.ch/aktuell/international/auslandnachrichten/zahl-der-hinrichtungen-weltweit-angestiegen-1.18271213,3/27/2014,"interactive map, interactive graphic",,,"Alice Kohli, Peter Gassner, Piotr Fedorczyk Donnerstag",international,,,
Neue Zürcher Zeitung,"Good Night, Malaysian 370",http://mh370.nzz.ch/#/,2015,"interactive presentation, video",,,,international,,,
Neue Zürcher Zeitung,"Die Stimmbeteiligung beträgt 41,6 Prozent",http://www.nzz.ch/schweiz/abstimmungssonntag-zweimal-klares-nein-1.18497736,3/8/2015,interactive map,,,,international,,,
Neue Zürcher Zeitung,Chasing the Matterhorn,http://matterhorn.nzz.ch/index.en.html?mode=webgl,,"interactive feature, interactive map, 3D, static map",,,"Benjamin Schudel, Simon Wimmer, Pix4D SA, Sensefly, Sonja Betschart, Lisa Chen",international,,,
Neue Zürcher Zeitung,Flüchtlingskrise im Überblick: Wo in Europa die meisten Asylgesuche gestellt werden,http://www.nzz.ch/international/fluechtlingskrise/der-stand-der-fluechtlingskrise-im-ueberblick-ld.2025,11/6/2015,interactive graphic,,,"Nina Belz, Ivo Mijnssen, Benjamin Schudel",international,,,
Neue Zürcher Zeitung,Rückkehrwelle in Zentralasien: Eine Retortenstadt für Tadschikistans Migranten,http://www.nzz.ch/international/asien-und-pazifik/rueckkehrwelle-in-zentralasien-eine-retortenstadt-fuer-tadschikistans-migranten-ld.4817,2/3/2016,interactive map,,,Daniel Wechlin,international,,,
,,,,,,,,,,,
,,,,,,,,,,,
,,,,,,,,,,,
,,,,,,,,,,,
New Zealand Herald,Princess Charlotte: How popular is the name? (+interactive),http://www.nzherald.co.nz/lifestyle/news/article.cfm?c_id=6&objectid=11443634&ref=nzh_tw,5/6/2015,interactive graphic,,,Cameron Prebble,international,,,
,,,,,,,,,,,
,,,,,,,,,,,
,,,,,,,,,,,
,,,,,,,,,,,
NRK,Dette er dei nye smuglartrendene og narkorutene til Noreg,http://www.nrk.no/fordypning/dette-er-smuglartrendene-1.10881930,,interactive map,,,,international,,,
,,,,,,,,,,,
,,,,,,,,,,,
,,,,,,,,,,,
,,,,,,,,,,,
Observador,Resultados Nacionais: Presidenciais 2016,http://observador.pt/interativo/resultados-presidenciais-2016/#/,,"interactive map, interactive graphic",,,,international,,,
Observador,Resultados Globais: Legislativas ao segundo,http://observador.pt/interativo/legislativas-ao-segundo/#/,,"interactive map, interactive graphic",,,,international,,,
,,,,,,,,,,,
,,,,,,,,,,,
,,,,,,,,,,,
,,,,,,,,,,,
O Globo,Caymmi: samba da minha terra,http://infograficos.oglobo.globo.com/cultura/caymmi.html?mobi=1,,"interactive feature, video",,,,international,,,
,,,,,,,,,,,
,,,,,,,,,,,
,,,,,,,,,,,
,,,,,,,,,,,
Private Eye,Selling England by the offshore pound,http://www.private-eye.co.uk/registry,2015,interactive map,,,,international,"OpenStreetMap, CartoDB",,
,,,,,,,,,,,
,,,,,,,,,,,
,,,,,,,,,,,
,,,,,,,,,,,
Reuters,The Child Exchange: Inside America's underground market for adopted children,http://www.reuters.com/investigates/adoption/#article/part1,9/9/2013,"interactive presentation, interactive graphic, video, graphic",,,,international,,,
Reuters,Assets of the Ayatollah,http://www.reuters.com/investigates/iran/#article/,11/11/2013,"interactive presentation, interactive graphic, video, graphic",,,"Charlie Szymanski, Himanshu Ojha, Maryanne Murray, Troy Dunkley",international,,,
Reuters,The Fed’s Balancing Act,http://www.reuters.com/investigates/graphics/fed/,2014,interactive graphic,,,"Maryanne Murray, Charlie Szymanski, Ananya Bhatia, Dan Burns, Jack Doran",international,,,
Reuters,Malaysia Airlines flight MH370,http://graphics.thomsonreuters.com/14/MH370/index.html,2014,"map, diagram, stepper",,,,international,,,
Reuters,Operational satellites,http://graphics.thomsonreuters.com/14/satellites/index.html,2014,interactive graphic,,,,international,,,
Reuters,Gaza conflict,http://graphics.thomsonreuters.com/14/gaza/index.html,2014,"static map, static graphic, before/after slider",,,"S. Scarr, W. Foo, M. Weber, C. Inton, G. Cabrera",international,,,
Reuters,Ebola Outbreak,http://graphics.thomsonreuters.com/14/ebola/index.html,9/13/2014,interactive graphic,,,"Matthew Weber, Wen Foo",international,,,
Reuters,Scotland Independence Referendum,http://graphics.thomsonreuters.com/14/scotland/index.html,9/18/2014,"interactive graphic, table, interactive map, live coverage",,,Monica Ulmanu,international,,,
Reuters,State of the banks ahead of the ECB tests,http://graphics.thomsonreuters.com/14/europeanbanks_tests/index.html,2014,"interactive graphic, table",,,"Monica Ulmanu, Laura Noonan",international,,,
Reuters,114 Years of Nobel Laureates,http://graphics.thomsonreuters.com/14/nobels/index.html,2014,interactive graphic,,,Matthew Weber,international,,,
Reuters,Ebola Outbreak,http://graphics.thomsonreuters.com/14/ebola/index.html,2014,"interactive graphic, interactive map, table",,,,international,,,
Reuters,Reuters graphics 2014,http://graphics.thomsonreuters.com/year2014/index.html,2014,landing page,,,,international,,,
Reuters,Journalists killed,http://graphics.thomsonreuters.com/14/journalist-deaths/index.html,2014,"interactive graphic, interactive map",,,Matthew Weber,international,,,
Reuters,Euro Zone's Quantitative Easing,http://graphics.thomsonreuters.com/15/ecb-qe/index.html,3/17/2015,"interactive graphic, static graphic",,,"Vincent Flasseur, Matthew Weber",international,,,
Reuters,Routes to a better life,http://graphics.thomsonreuters.com/15/migrants/index.html,2015,"static map, interactive graphic",,,,international,,,
Reuters,Banking misconduct bill,http://graphics.thomsonreuters.com/15/bankfines/index.html,2015,"interactive graphic, table",,,,international,,,
Reuters,Major High Court decisions,http://graphics.thomsonreuters.com/15/supremecourt/index.html#section-overview,6/18/2015,"interactive feature, interactive graphic, static graphic, static map, timeline, table",,,"Christine Chan, Matthew Weber, Joan Biskupic",international,,,
Reuters,U.S. Labor Market,http://graphics.thomsonreuters.com/14/squareone/index.html,2015,"interactive graphic, interactive map",,,,international,,,
Reuters,Highlights from the August 2015 U.S. jobs report,http://graphics.thomsonreuters.com/14/unemployment/index.html,2015,"interactive feature, interactive graphic",,,,international,,,
Reuters,Europe’s migration crisis,http://graphics.thomsonreuters.com/15/migrants/index.html,2015,"static map, interactive graphic",,,"Chris Inton, Matthew Weber, Vincent Flasseur, Simon Scarr, Gustavo Cabrera, Travis Hartman",international,,,
Reuters,Nobel Laureates,http://graphics.thomsonreuters.com/15/nobels/,2015,interactive graphic,,,Matthew Weber,international,,,
Reuters,Formula 1 - 2015 season,http://fingfx.thomsonreuters.com/gfx/rngs/1/8/18/index.html#section-teams,2015,"interactive graphic, interactive map",,,,international,,,
Reuters,A turf war on the South China Sea,http://fingfx.thomsonreuters.com/gfx/rngs/1/6/12/index.html,2015,interactive map,,,"Wen Foo, Simon Scarr, Matthew Weber",international,,,
Reuters,Lower House Election 2015: Poland Votes,http://graphics.thomsonreuters.com/15/poland-election/,2015,"interactive feature, interactive graphic, interactive map",,,"Christine Chan, Vincent Flasseur, Travis Hartman, Marcin Goettig, Wiktor Szary",international,,,
Reuters,China’s ageing population,http://fingfx.thomsonreuters.com/gfx/rngs/1/33/64/index.html,2015,interactive graphic,,,"Wen Foo, Jessica Wang, Simon Scarr",international,,,
Reuters,Spreading the Wealth,http://fingfx.thomsonreuters.com/gfx/rngs/1/47/96/index.html,2015,interactive graphic,,,"Matthew Weber, Maryanne Murray and Karen Brettell",international,,,
Reuters,IAAF doping scandal,http://fingfx.thomsonreuters.com/gfx/rngs/1/70/132/index.html,2015,interactive graphic,,,Matthew Weber,international,,,
Reuters,Is clean growth possible?,http://fingfx.thomsonreuters.com/gfx/rngs/1/148/229/index.html,2015,interactive graphic,,,"Maryanne Murray, Matthew Weber",international,,,
Reuters,Fed raises rates,http://fingfx.thomsonreuters.com/gfx/rngs/1/289/389/index.html,2015,interactive graphic,,,Matthew Weber,international,,,
Reuters,Air quality in China's cities,http://fingfx.thomsonreuters.com/gfx/rngs/1/587/734/index.html,9/17/2014,interactive graphic,,,Jessica Wang,international,,,
Reuters,Race to the White House,http://fingfx.thomsonreuters.com/gfx/rngs/1/675/876/index.html,2016,interactive feature,,,"Matthew Weber, Christine Chan, Megan Cassella",international,,,
,,,,,,,,,,,
,,,,,,,,,,,
,,,,,,,,,,,
,,,,,,,,,,,
SBS,Who's following who in parliament?,http://www.sbs.com.au/news/interactive/who-is-following-who,12/10/2015,interactive graphic,,,Ken Macleod,international,,,
,,,,,,,,,,,
,,,,,,,,,,,
,,,,,,,,,,,
,,,,,,,,,,,
South China Morning Post,Here comes the rain again,http://widgets.scmp.com/infographic/20140331/rainfall/,5/22/2013,"interactive graphic, timeline",,,"Cedric Sam, Jane Pong",international,,,
South China Morning Post,"Three cities, one bridge",http://multimedia.scmp.com/bridge/,11/17/2015,"interactive feature, interactive map, static map, static graphic, table",,,"Allen Au-Yeung, Cédric Sam, Alberto Lucas López, Brian Wang",international,,,
,,,,,,,,,,,
,,,,,,,,,,,
,,,,,,,,,,,
,,,,,,,,,,,
SRF,Stadt und Land sind politisch in festen Händen,http://www.srf.ch/news/wahlen/wahlkampf/stadt-und-land-sind-politisch-in-festen-haenden,9/24/2015,interactive graphic,,,"Tania Boa, Timo Grossenbacher, Mark Hintz, Anna Wepfer",international,,,
,,,,,,,,,,,
,,,,,,,,,,,
,,,,,,,,,,,
,,,,,,,,,,,
SVT Pejl,Miljö,http://pejl.svt.se/miljo/fororenade-platser/,2013,database,,,,international,,,
SVT Pejl,Hit har fyra miljoner syrier flytt,http://pejl.svt.se/syriska-flyktingar-per-land/,9/3/2015,interactive feature,,,"Robin Linderborg, Linnea Heppling",international,,,
SVT Pejl,Flyktingströmmar till EU,http://pejl.svt.se/flyktingstrommar/#gn2010,9/3/2015,interactive graphic,,,"Robin Linderborg, Johan Ekman",international,,,
SVT Pejl,IS kontroll i Irak och Syrien – stad för stad,http://pejl.svt.se/kontrollen-over-irak-och-syrien/,6/2/2015,interactive map,,,Robin Linderborg,international,,,
SVT Pejl,Så prisvärt är ditt bredband,http://pejl.svt.se/bredband/karta/,4/13/2015,,,,,international,,,not working
SVT Pejl,Var är du på inkomstskalan?,http://pejl.svt.se/visualisering/inkomster/var-ar-du/,5/11/2014,interactive graphic,,,,international,,,
SVT Pejl,Så prisvärt är ditt bredband,http://pejl.svt.se/bredband/formular/,,,,,,international,,,
,,,,,,,,,,,
,,,,,,,,,,,
,,,,,,,,,,,
,,,,,,,,,,,
The Sydney Morning Herald,The newest island on Earth,http://www.smh.com.au/interactive/2015/tonganvolcano/,2015,"interactive feature, video, slide show",,,Kevin Kearney,international,Shorthand Pro,,
The Sydney Morning Herald,The science behind the weird pattern to Australia's most popular wedding dates,http://www.smh.com.au/national/what-are-the-most-popular-wedding-dates-in-australia-20151204-glfrod,12/6/2015,"video graphic, interactive graphic",,,Inga Ting,international,Tableau,,
The Sydney Morning Herald,"How Airbnb is taking over Sydney, one beach at a time",http://www.smh.com.au/nsw/how-airbnb-is-taking-over-sydney-one-beach-at-a-time-20160104-glzfbg,1/5/2016,"interactive map, time series",,,Inga Ting,international,"OpenStreetMap, CartoDB",,
,,,,,,,,,,,
,,,,,,,,,,,
,,,,,,,,,,,
,,,,,,,,,,,
Tages-Anzeiger,Überall Berge – ausser in den Alpen,http://blog.tagesanzeiger.ch/datenblog/index.php/11390/die-haeufigsten-ortsnamensendungen-in-der-schweiz,2/8/2016,interactive map,,,"Kaspar Manz, Marc Brupbacher",international,,http://truth-and-beauty.net/experiments/ach-ingen-zell/,
,,,,,,,,,,,
,,,,,,,,,,,
,,,,,,,,,,,
,,,,,,,,,,,
The Telegraph,"Ukip already has four seats 'in the bag', says leading expert Matthew Goodwin",http://www.telegraph.co.uk/news/politics/11450075/Ukip-already-has-four-seats-in-the-bag-says-leading-expert-Matthew-Goodwin.html,3/4/2015,interactive map,,,,international,CartoDB,,
The Telegraph,Election 2015: Coalition Builder - pick your own government,"http://www.telegraph.co.uk/news/general-election-2015/11562365/Election-2015-Coalition-Builder-pick-your-own-government.html#coalition=0,0,1,2-1,0,1",4/27/2015,"interactive feature, game",,,"Richard Moynihan, Mark Oliver, Dan Palmer",international,,,
The Telegraph,The many faces of David Bowie,http://s.telegraph.co.uk/graphics/projects/david-bowie-many-faces/index.html,1/11/2016,"interactive feature, slide show",,,,international,Shorthand Pro,,